GEO_BORO,NYCHA_BORO,CONS_TDS,CONS_NAME,DEV_NAME,TDS,AMP,TOTAL_HH,TOTAL_POP,AVG_FAMILY_SIZE,AVG_TENURE,CURRENT_APTS,TOTAL_APTS,STAIRHALLS,BLDGS
Bronx,Bronx,180,1010 EAST 178TH STREET,1010 EAST 178TH STREET,180,NY005011330,214,448,2.1,21.3,218,220,1,1
Bronx,Bronx,308,Claremont Consolidated,1162-1176 WASHINGTON AVENUE,233,NY005013080,64,167,2.6,14.7,65,66,1,1
Bronx,Bronx,67,Sotomayor,1471 WATSON AVENUE,214,NY005010670,96,158,1.6,23.2,96,96,1,1
Bronx,Bronx,118,Adams,ADAMS,118,NY005001180,919,"2,253",2.5,22.5,924,925,7,1
Bronx,Bronx,197,Fort Independence,BAILEY AVENUE-WEST 193RD STREET,202,NY005012020,233,459,2,20,232,233,1,1
Bronx,Bronx,39,Pelham Parkway,BOSTON ROAD PLAZA,189,NY005010390,229,274,1.2,18.8,232,235,2,1
Bronx,Bronx,138,Boston Secor,BOSTON SECOR,138,NY005011380,535,"1,316",2.5,21.4,538,538,5,1
Bronx,Bronx,32,Bronx River,BOYNTON AVENUE REHAB,346,NY005010320,82,182,2.2,19.2,82,82,3,1
Bronx,Bronx,32,Bronx River,BRONX RIVER,32,NY005010320,"1,225","2,919",2.4,22.6,1245,1246,10,1
Bronx,Bronx,32,Bronx River,BRONX RIVER ADDITION,157,NY005010320,217,232,1.1,13.3,226,226,2,1
Bronx,Private Mgmt,530,Building Management Associates (BX 1),BRYANT AVENUE-EAST 174TH STREET,235,NY005015300,72,139,1.9,20.1,72,72,1,1
Bronx,Bronx,113,Butler,BUTLER,113,NY005001130,"1,474","4,235",2.9,18.8,1476,1492,7,7
Bronx,Mixed Finance,80,Castle Hill,CASTLE HILL,80,NY005020800,"1,975","4,793",2.4,22.1,2022,2025,14,6
Bronx,Bronx,342,Union Avenue Consolidated,CLAREMONT PARKWAY-FRANKLIN AVENUE,334,NY005013420,185,272,1.5,18.2,187,188,13,3
Bronx,Bronx,308,Claremont Consolidated,CLAREMONT REHAB (GROUP 2),307,NY005013080,104,240,2.3,17,106,107,6,13
Bronx,Bronx,308,Claremont Consolidated,CLAREMONT REHAB (GROUP 3),308,NY005013080,104,244,2.3,18.6,107,115,5,1
Bronx,Bronx,308,Claremont Consolidated,CLAREMONT REHAB (GROUP 4),335,NY005013080,144,322,2.2,18.8,147,150,9,22
Bronx,Bronx,308,Claremont Consolidated,CLAREMONT REHAB (GROUP 5),336,NY005013080,125,292,2.3,20.4,129,135,3,1
Bronx,Bronx,280,Sack Wern,CLASON POINT GARDENS,11,NY005012800,398,873,2.2,28.9,401,401,192,1
Bronx,Bronx,308,Claremont Consolidated,COLLEGE AVENUE-EAST 165TH STREET,236,NY005013080,93,101,1.1,12.5,95,95,1,1
Bronx,Bronx,342,Union Avenue Consolidated,DAVIDSON,190,NY005013420,172,466,2.7,17.7,175,175,2,5
Bronx,Bronx,59,Forest,EAGLE AVENUE-EAST 163RD STREET,224,NY005000590,62,127,2,18.2,65,66,1,17
Bronx,NGO1,28,Melrose,EAST 152ND STREET-COURTLANDT AVENUE,237,NY005010280,221,382,1.7,19.8,221,221,2,1
Bronx,Private Mgmt,530,Building Management Associates (BX 1),EAST 165TH STREET-BRYANT AVENUE,304,NY005015300,110,361,3.3,19.7,111,111,19,23
Bronx,Private Mgmt,530,Building Management Associates (BX 1),EAST 173RD STREET-VYSE AVENUE,338,NY005015300,162,381,2.4,19.8,168,168,28,4
Bronx,Bronx,180,1010 EAST 178TH STREET,EAST 180TH STREET-MONTEREY AVENUE,208,NY005012270,238,526,2.2,21.9,239,239,3,3
Bronx,Bronx,34,Eastchester Gardens,EASTCHESTER GARDENS,34,NY005010340,862,"1,981",2.3,26,877,877,15,3
Bronx,Bronx,57,Edenwald,EDENWALD,57,NY005000570,"2,009","4,783",2.4,22.9,2035,2039,71,8
Bronx,Bronx,59,Forest,FOREST,59,NY005000590,"1,326","2,908",2.2,24.3,1348,1350,15,1
Bronx,Bronx,197,Fort Independence,FORT INDEPENDENCE STREET-HEATH AVENUE,197,NY005012020,340,731,2.2,20.7,342,344,2,5
Bronx,Bronx,67,Sotomayor,GLEBE AVENUE-WESTCHESTER AVENUE,225,NY005010670,125,137,1.1,19.4,131,132,1,8
Bronx,Bronx,40,Gun Hill,GUN HILL,40,NY005010470,726,"1,457",2,22.1,732,733,6,7
Bronx,Private Mgmt,341,Kraus Management (BX 3),HARRISON AVENUE REHAB (GROUP A),347,NY005013410,33,74,2.2,21.8,34,34,1,1
Bronx,Private Mgmt,341,Kraus Management (BX 3),HARRISON AVENUE REHAB (GROUP B),547,NY005013410,148,325,2.2,22.8,150,150,4,4
Bronx,Bronx,78,Highbridge Gardens,HIGHBRIDGE GARDENS,78,NY005000780,692,"1,594",2.3,23,700,700,6,18
Bronx,Private Mgmt,530,Building Management Associates (BX 1),HOE AVENUE-EAST 173RD STREET,215,NY005015300,65,146,2.2,18.5,65,65,1,3
Bronx,Private Mgmt,530,Building Management Associates (BX 1),HUNTS POINT AVENUE REHAB,367,NY005015300,130,320,2.5,18.6,131,131,13,1
Bronx,Bronx,267,Morrisania Air Rights,JACKSON,120,NY005012670,854,"2,121",2.5,22.4,868,868,7,30
Bronx,Private Mgmt,530,Building Management Associates (BX 1),LONGFELLOW AVENUE REHAB,362,NY005015300,75,273,3.6,17.4,75,75,2,13
Bronx,Mixed Finance,49,Marble Hill,MARBLE HILL,49,NY005020490,"1,664","3,216",1.9,22.4,1680,1682,12,9
Bronx,Bronx,59,Forest,MCKINLEY,103,NY005000590,605,"1,387",2.3,23.7,615,619,5,2
Bronx,NGO1,28,Melrose,MELROSE,28,NY005010280,"1,016","2,396",2.4,23.3,1021,1023,9,2
Bronx,Bronx,34,Eastchester Gardens,MIDDLETOWN PLAZA,191,NY005010340,174,192,1.1,21.4,177,179,1,27
Bronx,NGO1,84,Mill Brook,MILL BROOK,84,NY005010840,"1,230","2,770",2.3,23.8,1251,1255,9,1
Bronx,NGO1,84,Mill Brook,MILL BROOK EXTENSION,132,NY005010840,123,292,2.4,26.4,125,125,1,8
Bronx,NGO1,145,Mitchel,MITCHEL,145,NY005011450,"1,697","3,906",2.3,20.3,1732,1732,12,6
Bronx,Bronx,88,Monroe,MONROE,88,NY005000880,"1,089","2,645",2.4,23.2,1100,1102,20,2
Bronx,Mixed Finance,93,Saint Mary's Park,MOORE,129,NY005010930,453,"1,103",2.4,22.2,463,463,4,3
Bronx,Bronx,102,Morris,MORRIS I,102,NY005011020,"1,071","2,851",2.7,22.4,1083,1085,10,1
Bronx,Bronx,102,Morris,MORRIS II,502,NY005011020,791,"1,928",2.4,22.6,802,802,7,13
Bronx,Bronx,141,Webster,MORRISANIA,130,NY005011410,203,535,2.6,20.2,206,206,2,4
Bronx,Bronx,267,Morrisania Air Rights,MORRISANIA AIR RIGHTS,267,NY005012670,835,"1,685",2,19.7,841,843,5,14
Bronx,NGO1,121,Mott Haven,MOTT HAVEN,121,NY005001210,970,"2,445",2.5,22,992,993,9,2
Bronx,Bronx,47,Parkside,PARKSIDE,47,NY005010470,870,"1,703",2,22.5,879,879,20,1
Bronx,NGO1,24,Patterson,PATTERSON,24,NY005000240,"1,766","4,162",2.4,23.6,1789,1791,25,3
Bronx,Bronx,39,Pelham Parkway,PELHAM PARKWAY,39,NY005010390,"1,255","2,464",2,24.7,1265,1266,38,6
Bronx,Bronx,63,Throggs Neck,RANDALL AVENUE-BALCOM AVENUE,245,NY005010630,245,276,1.1,15.2,251,252,3,5
Bronx,Bronx,280,Sack Wern,SACK WERN,280,NY005012800,409,849,2.1,22.4,411,413,8,9
Bronx,Mixed Finance,93,Saint Mary's Park,SAINT MARY'S PARK,93,NY005020930,992,"2,261",2.3,21.3,1005,1007,6,3
Bronx,Bronx,45,Sedgwick,SEDGWICK,45,NY005010450,779,"1,455",1.9,23.2,783,786,7,46
Bronx,Bronx,67,Sotomayor,SOTOMAYOR HOUSES,67,NY005010670,"1,474","3,178",2.2,24.7,1495,1497,31,6
Bronx,Bronx,71,Soundview,SOUNDVIEW,71,NY005000710,"1,250","2,882",2.3,22.7,1258,1259,28,1
Bronx,Bronx,342,Union Avenue Consolidated,SOUTH BRONX AREA (SITE 402),305,NY005013420,110,372,3.4,20,112,114,19,5
Bronx,Bronx,342,Union Avenue Consolidated,STEBBINS AVENUE-HEWITT PLACE,353,NY005013420,118,265,2.2,23.4,119,120,14,1
Bronx,Bronx,308,Claremont Consolidated,TELLER AVENUE-EAST 166TH STREET,223,NY005013080,88,183,2.1,20,90,90,1,1
Bronx,Bronx,63,Throggs Neck,THROGGS NECK,63,NY005010630,"1,165","2,603",2.2,25.5,1182,1185,66,1
Bronx,Bronx,63,Throggs Neck,THROGGS NECK ADDITION,193,NY005010630,280,669,2.4,24.2,287,287,4,1
Bronx,Bronx,180,1010 EAST 178TH STREET,TWIN PARKS EAST (SITE 9),287,NY005012270,216,232,1.1,13.6,219,219,1,11
Bronx,Bronx,342,Union Avenue Consolidated,UNION AVENUE-EAST 163RD STREET,342,NY005013420,195,230,1.2,13.6,199,200,1,1
Bronx,Bronx,342,Union Avenue Consolidated,UNION AVENUE-EAST 166TH STREET,356,NY005013420,118,277,2.3,19.6,120,120,20,8
Bronx,Private Mgmt,341,Kraus Management (BX 3),UNIVERSITY AVENUE REHAB,341,NY005013410,230,511,2.2,22.5,230,230,5,15
Bronx,Bronx,141,Webster,WEBSTER,141,NY005011410,599,"1,555",2.6,21.2,606,606,6,1
Bronx,Private Mgmt,530,Building Management Associates (BX 1),WEST FARMS ROAD REHAB,360,NY005015300,208,442,2.1,20.4,208,208,7,1
Bronx,Private Mgmt,530,Building Management Associates (BX 1),WEST FARMS SQUARE CONVENTIONAL,526,NY005015310,20,47,2.4,15.5,20,20,1,1
Bronx,Bronx,45,Sedgwick,WEST TREMONT AVENUE-SEDGWICK AVENUE AREA,246,NY005010450,148,165,1.1,12.1,148,148,1,11
Brooklyn,Brooklyn,167,Reid Apartments,104-14 TAPSCOTT STREET,242,NY005011670,30,68,2.3,20.2,30,30,1,6
Brooklyn,Brooklyn,73,Sumner,303 VERNON AVENUE,156,NY005010730,233,538,2.3,25,234,234,1,5
Brooklyn,Brooklyn,31,Albany,ALBANY,31,NY005010310,805,"1,830",2.3,23.1,823,829,6,7
Brooklyn,Brooklyn,31,Albany,ALBANY II,85,NY005010310,392,969,2.5,21,400,400,3,1
Brooklyn,Brooklyn,163,Wyckoff Gardens,ATLANTIC TERMINAL SITE 4B,256,NY005011630,290,568,2,21.7,299,300,1,2
Brooklyn,Mixed Finance,92,Bay View,BAY VIEW,92,NY005020920,"1,591","3,459",2.2,20.5,1609,1610,26,5
Brooklyn,Brooklyn,73,Sumner,BEDFORD-STUYVESANT REHAB,311,NY005010730,82,193,2.4,18.2,84,85,5,7
Brooklyn,Mixed Finance,46,Boulevard,BELMONT-SUTTER AREA,345,NY005010460,72,184,2.6,19.6,72,72,8,1
Brooklyn,Brooklyn,243,Borinquen Plaza,BORINQUEN PLAZA I,243,NY005012430,502,"1,104",2.2,25.3,509,509,10,33
Brooklyn,Brooklyn,243,Borinquen Plaza,BORINQUEN PLAZA II,271,NY005012430,418,"1,088",2.6,27.5,425,425,7,10
Brooklyn,Mixed Finance,46,Boulevard,BOULEVARD,46,NY005020460,"1,380","2,611",1.9,21.9,1424,1441,30,10
Brooklyn,Brooklyn,56,Breukelen,BREUKELEN,56,NY005000560,"1,565","3,406",2.2,26.1,1592,1595,97,40
Brooklyn,Brooklyn,65,Brevoort,BREVOORT,65,NY005000650,883,"1,879",2.1,29.1,894,896,27,4
Brooklyn,Brooklyn,252,Marcus Garvey,BROWN,325,NY005012520,196,218,1.1,14.8,200,200,2,10
Brooklyn,NGO1,16,Brownsville,BROWNSVILLE,16,NY005000160,"1,306","3,109",2.4,22.9,1336,1338,46,18
Brooklyn,Mixed Finance,86,Bushwick,BUSHWICK,86,NY005020860,"1,205","2,780",2.3,23.4,1219,1220,8,25
Brooklyn,Brooklyn,166,Carey Gardens,CAREY GARDENS,166,NY005011660,666,"1,585",2.4,20.6,682,683,5,12
Brooklyn,Brooklyn,170,Surfside Gardens,CONEY ISLAND,94,NY005011700,525,"1,099",2.1,24.3,530,534,5,11
Brooklyn,Brooklyn,166,Carey Gardens,CONEY ISLAND I (SITE 1B),239,NY005011660,189,488,2.6,24.5,192,193,1,13
Brooklyn,Brooklyn,172,O'Dwyer Gardens,CONEY ISLAND I (SITE 8),238,NY005011720,117,343,2.9,20.5,124,125,2,16
Brooklyn,Brooklyn,170,Surfside Gardens,CONEY ISLAND I (SITES 4 & 5),216,NY005011700,370,992,2.7,20.3,376,376,6,31
Brooklyn,Brooklyn,69,Cooper Park,COOPER PARK,69,NY005000690,696,"1,538",2.2,28.3,700,700,13,7
Brooklyn,Brooklyn,351,Park Rock Consolidation,CROWN HEIGHTS,312,NY005013510,120,238,2,21.1,121,121,8,8
Brooklyn,Brooklyn,70,Cypress Hills,CYPRESS HILLS,70,NY005010700,"1,418","3,153",2.2,21.2,1439,1444,30,9
Brooklyn,Brooklyn,70,Cypress Hills,EAST NEW YORK CITY LINE,263,NY005010700,65,256,3.9,23.8,66,66,33,20
Brooklyn,Brooklyn,29,Farragut,FARRAGUT,29,NY005000290,"1,373","3,143",2.3,26.4,1389,1390,10,8
Brooklyn,Brooklyn,167,Reid Apartments,FENIMORE-LEFFERTS,205,NY005011670,36,93,2.6,28.5,36,36,18,8
Brooklyn,NGO1,261,Unity Plaza,FIORENTINO PLAZA,207,NY005012610,154,438,2.8,20.5,158,160,10,15
Brooklyn,Brooklyn,252,Marcus Garvey,GARVEY (GROUP A),252,NY005012520,317,861,2.7,19.9,320,321,6,1
Brooklyn,NGO1,169,Seth Low Houses,GLENMORE PLAZA,171,NY005011690,425,793,1.9,22.2,439,440,4,1
Brooklyn,Brooklyn,44,Glenwood,GLENWOOD,44,NY005000440,"1,176","2,499",2.1,21.3,1186,1188,40,11
Brooklyn,Brooklyn,25,Gowanus,GOWANUS,25,NY005000250,"1,125","2,631",2.3,28.6,1137,1139,25,3
Brooklyn,Brooklyn,172,O'Dwyer Gardens,GRAVESEND,68,NY005011720,610,"1,421",2.3,22.3,627,634,15,1
Brooklyn,Brooklyn,166,Carey Gardens,HABER,142,NY005011660,378,448,1.2,15.8,380,380,3,4
Brooklyn,NGO1,72,Howard,HOWARD,72,NY005000720,804,"1,848",2.3,20.8,813,815,16,20
Brooklyn,Brooklyn,351,Park Rock Consolidation,HOWARD AVENUE,339,NY005013510,146,346,2.4,19.4,148,150,25,2
Brooklyn,Brooklyn,351,Park Rock Consolidation,HOWARD AVENUE-PARK PLACE,365,NY005013510,154,429,2.8,20.2,155,156,159,15
Brooklyn,NGO1,168,Langston Hughes Apts,HUGHES APARTMENTS,168,NY005011680,505,"1,325",2.6,20.8,509,513,4,1
Brooklyn,Mixed Finance,86,Bushwick,HYLAN,109,NY005010860,204,430,2.1,26.1,209,209,1,9
Brooklyn,Brooklyn,14,Ingersoll,INGERSOLL,14,NY005000140,"1,688","4,129",2.4,21.6,1830,1840,46,15
Brooklyn,Brooklyn,10,Kingsborough,KINGSBOROUGH,10,NY005010100,"1,129","2,405",2.1,18.8,1154,1165,35,6
Brooklyn,Brooklyn,10,Kingsborough,KINGSBOROUGH EXTENSION,161,NY005010100,177,202,1.1,15.8,182,184,1,3
Brooklyn,Brooklyn,122,Lafayette Gardens,LAFAYETTE,122,NY005001220,875,"2,392",2.7,24.8,882,882,7,14
Brooklyn,Brooklyn,167,Reid Apartments,LENOX ROAD-ROCKAWAY PARKWAY,348,NY005011670,70,151,2.2,19.8,74,74,3,2
Brooklyn,Mixed Finance,95,Linden,LINDEN,95,NY005020950,"1,509","3,462",2.3,21.7,1586,1586,21,7
Brooklyn,NGO1,261,Unity Plaza,LONG ISLAND BAPTIST HOUSES,276,NY005012610,223,522,2.3,18.1,229,232,4,1
Brooklyn,NGO1,169,Seth Low Houses,LOW HOUSES,169,NY005011690,527,"1,353",2.6,20.8,534,536,4,1
Brooklyn,Brooklyn,21,Marcy,MARCY,21,NY005000210,"1,692","4,113",2.4,25.1,1716,1717,71,4
Brooklyn,Mixed Finance,83,Marlboro,MARLBORO,83,NY005020830,"1,743","4,054",2.3,21.7,1764,1765,30,1
Brooklyn,Brooklyn,36,Sheepshead Bay,NOSTRAND,43,NY005010360,"1,121","2,285",2,21.2,1146,1148,33,6
Brooklyn,Brooklyn,162,Ocean Hill,OCEAN HILL APARTMENTS,162,NY005011620,234,636,2.7,20.8,238,238,4,1
Brooklyn,Brooklyn,351,Park Rock Consolidation,OCEAN HILL-BROWNSVILLE,313,NY005013510,120,291,2.4,15.4,125,125,5,2
Brooklyn,Brooklyn,172,O'Dwyer Gardens,O'DWYER GARDENS,172,NY005011720,554,935,1.7,24,570,573,7,10
Brooklyn,Brooklyn,351,Park Rock Consolidation,PARK ROCK REHAB,351,NY005013510,129,297,2.3,18.5,134,134,9,5
Brooklyn,Brooklyn,194,Penn-Wortman,PENNSYLVANIA AVENUE-WORTMAN AVENUE,194,NY005011940,334,627,1.9,19.9,336,336,3,8
Brooklyn,Brooklyn,89,Pink,PINK,89,NY005000890,"1,486","3,600",2.4,21.3,1500,1500,25,3
Brooklyn,Brooklyn,167,Reid Apartments,RALPH AVENUE REHAB,352,NY005011670,114,268,2.4,17.8,118,118,5,13
Brooklyn,Brooklyn,4,Red Hook East,RED HOOK EAST,4,NY005000040,"1,381","2,812",2,22.7,1404,1411,51,1
Brooklyn,Brooklyn,79,Red Hook West,RED HOOK WEST,79,NY005000790,"1,429","3,100",2.2,22.9,1471,1480,50,20
Brooklyn,Brooklyn,167,Reid Apartments,REID APARTMENTS,167,NY005011670,218,233,1.1,12.5,227,230,1,1
Brooklyn,Brooklyn,135,Roosevelt,ROOSEVELT I,135,NY005011350,756,"1,790",2.4,22.1,761,763,6,3
Brooklyn,Brooklyn,135,Roosevelt,ROOSEVELT II,177,NY005011350,341,716,2.1,24.5,342,342,3,7
Brooklyn,Brooklyn,167,Reid Apartments,RUTLAND TOWERS,282,NY005011670,59,98,1.7,22.6,60,61,1,18
Brooklyn,Brooklyn,162,Ocean Hill,SARATOGA VILLAGE,158,NY005011620,125,297,2.4,20.7,125,125,1,10
Brooklyn,Brooklyn,36,Sheepshead Bay,SHEEPSHEAD BAY,36,NY005010360,"1,039","2,348",2.3,21.4,1054,1056,36,10
Brooklyn,Brooklyn,351,Park Rock Consolidation,STERLING PLACE REHABS (SAINT JOHNS-STERLING),366,NY005013510,82,268,3.3,20.1,83,83,5,16
Brooklyn,Brooklyn,351,Park Rock Consolidation,STERLING PLACE REHABS (STERLING-BUFFALO),368,NY005013510,125,329,2.6,17.5,125,125,7,1
Brooklyn,Brooklyn,221,Stuyvesant Gardens,STUYVESANT GARDENS I,221,NY005012210,326,817,2.5,25.1,329,331,25,9
Brooklyn,Brooklyn,221,Stuyvesant Gardens,STUYVESANT GARDENS II,333,NY005012210,149,168,1.1,15.5,150,150,1,1
Brooklyn,Brooklyn,73,Sumner,SUMNER,73,NY005010730,"1,084","2,262",2.1,26.9,1098,1099,24,7
Brooklyn,Brooklyn,170,Surfside Gardens,SURFSIDE GARDENS,170,NY005011700,578,"1,132",2,19.4,594,600,5,4
Brooklyn,Brooklyn,167,Reid Apartments,SUTTER AVENUE-UNION STREET,369,NY005011670,97,249,2.6,17.1,100,100,3,1
Brooklyn,Brooklyn,167,Reid Apartments,TAPSCOTT STREET REHAB,354,NY005011670,146,327,2.2,18.4,155,155,8,4
Brooklyn,Mixed Finance,234,Taylor St - Wythe Ave,TAYLOR STREET-WYTHE AVENUE,234,NY005012340,523,"1,211",2.3,31.3,525,525,6,3
Brooklyn,NGO1,96,Tilden,TILDEN,96,NY005000720,992,"2,557",2.6,21.8,998,998,9,4
Brooklyn,Brooklyn,131,Tompkins,TOMPKINS,131,NY005011310,"1,028","2,744",2.7,23.3,1045,1046,13,14
Brooklyn,NGO1,261,Unity Plaza,"UNITY PLAZA (SITES 17,24,25A)",240,NY005012610,166,463,2.8,17.2,167,167,3,19
Brooklyn,NGO1,261,Unity Plaza,UNITY PLAZA (SITES 4-27),261,NY005012610,456,"1,123",2.5,20.9,460,462,13,4
Brooklyn,NGO1,61,Van Dyke I,VAN DYKE I,61,NY005000610,"1,575","3,780",2.4,21.3,1603,1603,32,2
Brooklyn,NGO1,182,Woodson,VAN DYKE II,146,NY005011680,111,129,1.2,15.3,111,112,1,4
Brooklyn,Brooklyn,194,Penn-Wortman,VANDALIA AVENUE,315,NY005011940,287,329,1.1,22.1,288,293,3,5
Brooklyn,Brooklyn,514,Whitman,WHITMAN,514,NY005005140,"1,619","3,749",2.3,22,1651,1659,48,4
Brooklyn,Brooklyn,2,Williamsburg,WILLIAMSBURG,2,NY005000020,"1,547","2,895",1.9,26.2,1627,1630,137,2
Brooklyn,NGO1,182,Woodson,WOODSON,182,NY005011680,403,451,1.1,12.1,407,407,2,2
Brooklyn,Brooklyn,163,Wyckoff Gardens,WYCKOFF GARDENS,163,NY005011630,517,"1,118",2.2,27.1,528,529,3,6
Manhattan,Mixed Finance,22,Amsterdam,AMSTERDAM,22,NY005010220,"1,061","2,194",2.1,32.4,1084,1084,24,3
Manhattan,Mixed Finance,22,Amsterdam,AMSTERDAM ADDITION,187,NY005021870,172,345,2,26.3,175,175,1,2
Manhattan,Mixed Finance,22,Amsterdam,HARBORVIEW TERRACE,262,NY005010220,370,649,1.8,24.1,377,377,2,11
Manhattan,Manhattan,60,Baruch,BARUCH,60,NY005010600,"2,154","4,724",2.2,30.4,2193,2194,35,27
Manhattan,Manhattan,60,Baruch,BARUCH HOUSES ADDITION,198,NY005010600,192,241,1.3,21.5,197,197,1,22
Manhattan,Manhattan,58,Carver,CARVER,58,NY005000580,"1,241","2,606",2.1,27.3,1244,1246,13,28
Manhattan,Mixed Finance,134,Chelsea,CHELSEA,134,NY005021340,414,902,2.2,24.9,425,425,4,1
Manhattan,Mixed Finance,134,Chelsea,CHELSEA ADDITION,176,NY005011340,93,113,1.2,20,96,96,1,5
Manhattan,Mixed Finance,134,Chelsea,ELLIOTT,15,NY005011340,584,"1,356",2.3,27.7,606,608,8,8
Manhattan,Manhattan,123,Clinton,CLINTON,123,NY005001230,733,"1,695",2.3,25.8,748,749,8,1
Manhattan,Manhattan,82,Douglass,830 AMSTERDAM AVENUE,150,NY005010820,156,346,2.2,27.2,158,159,1,3
Manhattan,Manhattan,82,Douglass,DOUGLASS ADDITION,148,NY005010820,133,335,2.5,27.7,135,135,1,1
Manhattan,Manhattan,82,Douglass,DOUGLASS I,82,NY005010820,"1,297","2,630",2,27.2,1302,1305,11,9
Manhattan,Manhattan,82,Douglass,DOUGLASS II,582,NY005010820,746,"1,583",2.1,28.1,752,753,6,1
Manhattan,Mixed Finance,111,Drew Hamilton,DREW-HAMILTON,111,NY005021110,"1,175","2,703",2.3,21.8,1211,1217,5,10
Manhattan,Mixed Finance,111,Drew Hamilton,PUBLIC SCHOOL 139 (CONVERSION),340,NY005011110,121,137,1.1,13.7,125,125,2,12
Manhattan,Manhattan,41,Dyckman,DYCKMAN,41,NY005000410,"1,157","2,245",1.9,26.2,1167,1167,8,2
Manhattan,NGO1,9,East River,EAST RIVER,9,NY005010090,"1,106","2,247",2,23,1156,1170,30,10
Manhattan,Manhattan,309,Fort Washington Ave Rehab,FORT WASHINGTON AVENUE REHAB,309,NY005013090,226,275,1.2,14.8,226,226,2,7
Manhattan,Manhattan,309,Fort Washington Ave Rehab,WASHINGTON HEIGHTS REHAB (GROUPS 1&2),293,NY005013090,213,405,1.9,21.9,215,216,6,1
Manhattan,Manhattan,309,Fort Washington Ave Rehab,WASHINGTON HEIGHTS REHAB PHASE III (FORT WASHINGTON),523,NY005013090,87,176,2,24,88,88,7,2
Manhattan,Manhattan,309,Fort Washington Ave Rehab,WASHINGTON HEIGHTS REHAB PHASE IV (C),330,NY005013090,32,67,2.1,18.7,32,32,2,3
Manhattan,Manhattan,309,Fort Washington Ave Rehab,WASHINGTON HEIGHTS REHAB PHASE IV (D),331,NY005013090,31,60,1.9,22.3,32,32,2,8
Manhattan,Mixed Finance,377,Frederick Samuel Apartments,SAMUEL (CITY),377,NY005023770,648,"1,379",2.1,17.5,664,664,43,1
Manhattan,Manhattan,136,Fulton,FULTON,136,NY005001360,939,"2,107",2.2,26.9,944,944,12,16
Manhattan,Manhattan,100,Gompers,45 ALLEN STREET,265,NY005011000,103,230,2.2,32.6,107,107,2,3
Manhattan,Manhattan,100,Gompers,GOMPERS,100,NY005011000,470,"1,058",2.3,26.9,472,474,5,5
Manhattan,Manhattan,100,Gompers,HERNANDEZ,184,NY005011000,149,259,1.7,27.8,149,149,1,6
Manhattan,Manhattan,100,Gompers,LOWER EAST SIDE I INFILL,326,NY005011000,189,362,1.9,24.5,189,189,15,7
Manhattan,Manhattan,100,Gompers,MELTZER TOWER,183,NY005011000,227,251,1.1,14.9,229,231,1,2
Manhattan,Manhattan,100,Gompers,SEWARD PARK EXTENSION,192,NY005011000,354,796,2.2,24.7,360,360,5,9
Manhattan,Manhattan,87,Grant,GRANT,87,NY005000870,"1,918","4,292",2.2,27.9,1939,1940,10,14
Manhattan,Manhattan,3,Harlem River,AUDUBON,125,NY005010030,166,460,2.8,24.8,167,168,1,15
Manhattan,Manhattan,3,Harlem River,BETHUNE GARDENS,160,NY005010030,206,250,1.2,13.5,210,210,1,23
Manhattan,Manhattan,3,Harlem River,HARLEM RIVER,3,NY005010030,564,"1,077",1.9,19.3,574,577,47,3
Manhattan,Manhattan,3,Harlem River,HARLEM RIVER II,147,NY005010030,116,285,2.5,23.4,116,116,1,22
Manhattan,Manhattan,3,Harlem River,MARSHALL PLAZA,344,NY005010030,175,211,1.2,14.1,180,180,1,4
Manhattan,Manhattan,3,Harlem River,WASHINGTON HEIGHTS REHAB PHASE III (HARLEM RIVER),329,NY005010030,14,30,2.1,21.6,14,14,1,35
Manhattan,Manhattan,139,Isaacs,HOLMES TOWERS,159,NY005011390,533,942,1.8,23.4,536,537,2,1
Manhattan,Manhattan,139,Isaacs,ISAACS,139,NY005011390,633,"1,228",1.9,24.9,634,636,4,13
Manhattan,Manhattan,139,Isaacs,ROBBINS PLAZA,218,NY005011390,150,163,1.1,16.7,150,150,1,13
Manhattan,Manhattan,241,Jackie Robinson,MORRIS PARK SENIOR CITIZENS HOME,277,NY005012410,95,104,1.1,12.6,97,97,1,5
Manhattan,Manhattan,241,Jackie Robinson,"PARK AVENUE-EAST 122ND, 123RD STREETS",204,NY005012410,88,209,2.4,23.5,90,90,2,3
Manhattan,Manhattan,241,Jackie Robinson,ROBINSON,241,NY005012410,186,415,2.2,24,188,189,2,8
Manhattan,Manhattan,241,Jackie Robinson,UPACA (SITE 5),343,NY005012410,176,206,1.2,13.6,179,200,1,31
Manhattan,Manhattan,241,Jackie Robinson,UPACA (SITE 6),355,NY005012410,147,178,1.2,13.6,150,150,1,16
Manhattan,NGO1,64,Jefferson,335 EAST 111TH STREET,203,NY005010640,64,108,1.7,22.6,66,66,1,14
Manhattan,NGO1,64,Jefferson,CORSI HOUSES,199,NY005010640,164,186,1.1,11.6,171,171,1,9
Manhattan,NGO1,64,Jefferson,JEFFERSON,64,NY005010640,"1,451","3,182",2.2,28,1486,1493,35,1
Manhattan,Manhattan,17,Johnson,JOHNSON,17,NY005000170,"1,283","3,076",2.4,26.4,1296,1310,17,4
Manhattan,Manhattan,30,King Towers,GRAMPION,281,NY005010300,32,68,2.1,22.8,35,35,1,4
Manhattan,Manhattan,30,King Towers,KING TOWERS,30,NY005010300,"1,358","2,956",2.2,27.7,1377,1379,10,1
Manhattan,Private Mgmt,359,Kraus Management (MB 1),154 WEST 84TH STREET,359,NY005013590,35,71,2,23.5,35,35,1,1
Manhattan,Private Mgmt,359,Kraus Management (MB 1),LOWER EAST SIDE III,364,NY005013590,56,171,3.1,21.2,56,56,3,6
Manhattan,Private Mgmt,359,Kraus Management (MB 1),REHAB PROGRAM (DOUGLASS REHABS),515,NY005013170,112,176,1.6,25.8,112,112,9,13
Manhattan,Private Mgmt,359,Kraus Management (MB 1),REHAB PROGRAM (TAFT REHABS),516,NY005013170,151,276,1.8,23.1,156,156,4,6
Manhattan,Private Mgmt,359,Kraus Management (MB 1),SAMUEL (MHOP) I,389,NY005013170,28,49,1.8,24.8,24,53,5,1
Manhattan,Private Mgmt,359,Kraus Management (MB 1),SAMUEL (MHOP) II,398,NY005013170,4,12,3,26.3,4,10,1,1
Manhattan,Private Mgmt,359,Kraus Management (MB 1),SAMUEL (MHOP) III,399,NY005013170,2,3,1.5,17.1,1,10,1,6
Manhattan,Private Mgmt,359,Kraus Management (MB 1),STANTON STREET,559,NY005013590,13,34,2.6,13.8,13,13,1,3
Manhattan,Manhattan,76,La Guardia,LA GUARDIA,76,NY005010760,"1,088","2,419",2.2,29.3,1091,1094,9,5
Manhattan,Manhattan,76,La Guardia,LA GUARDIA ADDITION,152,NY005010760,148,191,1.3,19.1,149,150,1,1
Manhattan,Manhattan,76,La Guardia,TWO BRIDGES URA (SITE 7),266,NY005010760,248,610,2.5,31.2,250,250,1,7
Manhattan,Manhattan,101,Lehman Village,LEHMAN VILLAGE,101,NY005001010,614,"1,436",2.3,25.4,617,622,5,6
Manhattan,NGO1,20,Lincoln,LINCOLN,20,NY005000200,"1,266","2,917",2.3,21.8,1280,1286,20,13
Manhattan,Manhattan,337,Lower East Side,BRACETTI PLAZA,264,NY005012920,108,252,2.3,29.4,108,108,2,40
Manhattan,Manhattan,337,Lower East Side,CAMPOS PLAZA II,286,NY005012570,223,505,2.3,29.4,224,224,3,5
Manhattan,Manhattan,337,Lower East Side,FIRST HOUSES,1,NY005012920,123,182,1.5,21,126,126,8,1
Manhattan,Manhattan,337,Lower East Side,LOWER EAST SIDE II,337,NY005012920,185,422,2.3,25.4,188,188,32,1
Manhattan,Manhattan,337,Lower East Side,LOWER EAST SIDE REHAB (GROUP 5),292,NY005012920,54,117,2.2,21.8,55,55,2,1
Manhattan,Mixed Finance,81,Manhattanville,MANHATTANVILLE,81,NY005020810,"1,249","2,935",2.3,25.3,1272,1272,6,7
Manhattan,Mixed Finance,81,Manhattanville,MANHATTANVILLE REHAB (GROUP 2),296,NY005010810,46,85,1.8,20.6,46,46,3,2
Manhattan,Mixed Finance,81,Manhattanville,MANHATTANVILLE REHAB (GROUP 3),297,NY005010810,49,112,2.3,21.8,51,51,2,18
Manhattan,Manhattan,149,Polo Grounds Towers,POLO GROUNDS TOWERS,149,NY005001490,"1,590","3,922",2.5,23.5,1614,1614,12,1
Manhattan,Manhattan,37,Rangel,RANGEL,37,NY005000370,970,"2,120",2.2,24.9,982,984,9,12
Manhattan,Manhattan,18,Riis,RIIS,18,NY005010180,"1,172","2,685",2.3,29,1191,1191,18,28
Manhattan,Manhattan,18,Riis,RIIS II,19,NY005010180,573,"1,259",2.2,29.7,577,578,8,13
Manhattan,Mixed Finance,99,Rutgers,RUTGERS,99,NY005020990,720,"1,577",2.2,27.7,721,721,5,8
Manhattan,Manhattan,38,Saint Nicholas,SAINT NICHOLAS,38,NY005000380,"1,491","3,421",2.3,26.9,1525,1526,14,4
Manhattan,Manhattan,27,Smith,SMITH,27,NY005000270,"1,915","4,072",2.1,30.5,1934,1935,12,11
Manhattan,Mixed Finance,153,Straus,344 EAST 28TH STREET,185,NY005021850,219,427,1.9,24.3,225,225,1,16
Manhattan,Mixed Finance,153,Straus,STRAUS,153,NY005011530,263,541,2.1,29,267,267,2,1
Manhattan,Manhattan,97,Taft,131 SAINT NICHOLAS AVENUE,154,NY005010970,95,165,1.7,25.2,98,100,1,6
Manhattan,Manhattan,97,Taft,TAFT,97,NY005010970,"1,437","3,031",2.1,28.1,1463,1470,19,2
Manhattan,Manhattan,6,Vladeck Combined,VLADECK,6,NY005010060,"1,503","2,864",1.9,26.4,1527,1531,46,5
Manhattan,Manhattan,6,Vladeck Combined,VLADECK II,7,NY005010060,237,537,2.3,25.8,240,240,8,7
Manhattan,NGO1,74,Wagner,WAGNER,74,NY005010740,"2,121","4,702",2.2,28.2,2151,2162,22,2
Manhattan,Manhattan,23,Wald,WALD,23,NY005000230,"1,836","3,936",2.1,29.4,1861,1861,19,5
Manhattan,Manhattan,62,Washington,LEXINGTON,50,NY005010620,439,823,1.9,29.2,448,448,4,1
Manhattan,Manhattan,62,Washington,WASHINGTON,62,NY005010620,"1,486","3,355",2.3,26.9,1515,1515,18,13
Manhattan,NGO1,112,Wilson,METRO NORTH PLAZA,181,NY005010090,270,628,2.3,28.5,271,275,3,5
Manhattan,NGO1,112,Wilson,WHITE,124,NY005010090,240,263,1.1,12.7,246,248,1,3
Manhattan,NGO1,112,Wilson,WILSON,112,NY005010090,387,"1,209",3.1,26.6,398,398,3,9
Manhattan,Mixed Finance,127,Wise Towers,DE HOSTOS APARTMENTS,155,NY005011270,217,460,2.1,25.3,219,223,1,8
Manhattan,Mixed Finance,127,Wise Towers,REHAB PROGRAM (WISE REHAB),517,NY005011270,40,69,1.7,34.4,40,40,1,5
Manhattan,Mixed Finance,127,Wise Towers,THOMAS APARTMENTS,268,NY005011270,86,96,1.1,28.6,87,87,1,1
Manhattan,Mixed Finance,127,Wise Towers,WISE TOWERS,127,NY005021270,387,736,1.9,27.5,397,399,5,1
Manhattan,Mixed Finance,127,Wise Towers,WSUR (BROWNSTONES),178,NY005011270,233,337,1.4,22.5,236,236,36,29
Manhattan,Mixed Finance,127,Wise Towers,WSUR (SITE A) 120 WEST 94TH STREET,151,NY005011270,69,145,2.1,29.5,69,70,1,4
Manhattan,Mixed Finance,127,Wise Towers,WSUR (SITE B) 74 WEST 92ND STREET,173,NY005011270,166,328,2,29,168,168,1,8
Manhattan,Mixed Finance,127,Wise Towers,WSUR (SITE C) 589 AMSTERDAM AVENUE,174,NY005011270,155,342,2.2,26,158,158,1,7
Queens,Queens-Staten Island,26,Astoria,ASTORIA,26,NY005000260,"1,094","2,938",2.7,25,1104,1104,22,8
Queens,Queens-Staten Island,91,Baisley Park,BAISLEY PARK,91,NY005010910,378,927,2.5,24.4,381,386,8,1
Queens,Queens-Staten Island,165,Beach 41st Street,BEACH 41ST STREET-BEACH CHANNEL DRIVE,165,NY005001650,703,"1,616",2.3,18.2,712,712,7,1
Queens,Queens-Staten Island,186,Latimer Gardens,BLAND,54,NY005011860,399,854,2.1,27.3,399,400,5,1
Queens,Queens-Staten Island,75,Hammel,CARLETON MANOR,164,NY005010750,164,341,2.1,20.2,169,174,1,6
Queens,Queens-Staten Island,91,Baisley Park,CONLON LIHFE TOWER,232,NY005010910,210,238,1.1,13.2,214,216,1,3
Queens,Queens-Staten Island,91,Baisley Park,FHA REPOSSESSED HOUSES (GROUP I),209,NY005012090,17,27,1.6,46.8,21,29,,5
Queens,Queens-Staten Island,91,Baisley Park,FHA REPOSSESSED HOUSES (GROUP II),212,NY005012090,9,22,2.4,45.3,10,14,,4
Queens,Queens-Staten Island,91,Baisley Park,FHA REPOSSESSED HOUSES (GROUP III),213,NY005012090,10,18,1.8,40.3,11,13,,1
Queens,Queens-Staten Island,91,Baisley Park,FHA REPOSSESSED HOUSES (GROUP IV),226,NY005012090,10,20,2,45.9,10,13,,1
Queens,Queens-Staten Island,91,Baisley Park,FHA REPOSSESSED HOUSES (GROUP IX),283,NY005012090,16,31,1.9,30.9,16,40,,22
Queens,Queens-Staten Island,91,Baisley Park,FHA REPOSSESSED HOUSES (GROUP V),260,NY005012090,29,60,2.1,43.9,29,36,,1
Queens,Queens-Staten Island,91,Baisley Park,FHA REPOSSESSED HOUSES (GROUP VI),273,NY005012090,6,11,1.8,47,6,9,,2
Queens,Queens-Staten Island,91,Baisley Park,FHA REPOSSESSED HOUSES (GROUP VII),274,NY005012090,5,8,1.6,46.6,5,8,,20
Queens,Queens-Staten Island,91,Baisley Park,FHA REPOSSESSED HOUSES (GROUP VIII),275,NY005012090,3,13,4.3,46.5,5,9,,4
Queens,Queens-Staten Island,91,Baisley Park,FHA REPOSSESSED HOUSES (GROUP X),284,NY005012090,15,34,2.3,40.1,16,21,,22
Queens,Queens-Staten Island,75,Hammel,HAMMEL,75,NY005010750,693,"1,732",2.5,19.2,710,712,14,16
Queens,Queens-Staten Island,91,Baisley Park,INTERNATIONAL TOWER,316,NY005010910,145,179,1.2,17.1,146,159,1,14
Queens,Queens-Staten Island,186,Latimer Gardens,LATIMER GARDENS,186,NY005011860,419,781,1.9,22.2,423,423,4,5
Queens,Queens-Staten Island,186,Latimer Gardens,LEAVITT STREET-34TH AVENUE,201,NY005011860,82,103,1.3,13.2,83,83,1,7
Queens,Queens-Staten Island,165,Beach 41st Street,OCEAN BAY APARTMENTS (OCEANSIDE),51,NY005010980,406,812,2,21.9,417,418,14,1
Queens,Queens-Staten Island,53,Pomonok,POMONOK,53,NY005000530,"2,039","4,143",2,22.7,2069,2071,121,2
Queens,Queens-Staten Island,505,Queensbridge North,QUEENSBRIDGE NORTH,505,NY005005050,"1,523","3,080",2,20.5,1542,1543,48,2
Queens,Queens-Staten Island,5,Queensbridge South,QUEENSBRIDGE SOUTH,5,NY005000050,"1,561","3,208",2.1,22,1603,1604,50,5
Queens,Queens-Staten Island,48,Ravenswood,RAVENSWOOD,48,NY005000480,"2,123","4,182",2,21.3,2164,2166,45,8
Queens,Queens-Staten Island,55,Redfern,REDFERN,55,NY005000550,591,"1,567",2.7,21.8,599,604,16,8
Queens,Queens-Staten Island,186,Latimer Gardens,REHAB PROGRAM (COLLEGE POINT),143,NY005011860,13,13,1,11.6,13,13,1,4
Queens,Queens-Staten Island,91,Baisley Park,SHELTON HOUSE,279,NY005010910,152,165,1.1,13.5,153,155,1,1
Queens,Queens-Staten Island,8,South Jamaica,SOUTH JAMAICA I,8,NY005010080,431,850,2,18.2,448,448,33,1
Queens,Queens-Staten Island,8,South Jamaica,SOUTH JAMAICA II,66,NY005010080,588,"1,409",2.4,24.5,598,600,27,1
Queens,Queens-Staten Island,33,Woodside,WOODSIDE,33,NY005000330,"1,338","2,843",2.1,27.7,1355,1357,55,15
Staten Island,Queens-Staten Island,52,Berry,BERRY,52,NY005000520,499,957,1.9,20.9,506,506,17,20
Staten Island,Queens-Staten Island,117,Richmond Terrace,CASSIDY-LAFAYETTE,206,NY005011170,376,446,1.2,9.4,378,380,5,3
Staten Island,Queens-Staten Island,77,Mariner's Harbor,MARINER'S HARBOR,77,NY005000770,592,"1,451",2.5,19.1,606,607,32,2
Staten Island,Queens-Staten Island,35,South Beach,NEW LANE AREA,314,NY005010350,275,349,1.3,13.2,276,277,2,20
Staten Island,Queens-Staten Island,117,Richmond Terrace,RICHMOND TERRACE,117,NY005011170,466,"1,228",2.6,18.4,488,489,7,2
Staten Island,Queens-Staten Island,35,South Beach,SOUTH BEACH,35,NY005010350,411,881,2.1,23.2,421,422,15,36
Staten Island,Mixed Finance,114,Stapleton,STAPLETON,114,NY005021140,638,"1,974",3.1,16.2,693,693,12,1
Staten Island,Queens-Staten Island,42,Todt Hill,TODT HILL,42,NY005000520,490,985,2,22.5,502,502,14,1
Staten Island,Queens-Staten Island,116,West Brighton,WEST BRIGHTON I,116,NY005010130,475,"1,324",2.8,17.9,487,490,9,1
Staten Island,Queens-Staten Island,116,West Brighton,WEST BRIGHTON II,175,NY005010130,83,97,1.2,15.7,120,144,8,3